nationality,num_drivers,total_podiums,distinct_podium_drivers,distinct_race_winners,total_race_wins,podiums_per_driver,wins_per_driver
British,15,297,6,4,126,19.8,8.4
Brazilian,14,104,3,2,22,7.428571428571429,1.5714285714285714
German,13,303,7,4,138,23.307692307692307,10.615384615384615
French,10,16,3,2,2,1.6,0.2
Italian,7,24,2,2,4,3.4285714285714284,0.5714285714285714
Dutch,6,89,1,1,45,14.833333333333334,7.5
Spanish,6,120,3,2,33,20.0,5.5
Japanese,6,2,2,0,0,0.3333333333333333,0.0
Finnish,5,188,4,4,38,37.6,7.6
Russian,4,4,2,0,0,1.0,0.0
Canadian,3,5,2,0,0,1.6666666666666667,0.0
Australian,3,74,2,2,17,24.666666666666668,5.666666666666667
Austrian,3,2,1,0,0,0.6666666666666666,0.0
American,3,0,0,0,0,0.0,0.0
Mexican,2,33,1,1,6,16.5,3.0
Danish,2,1,1,0,0,0.5,0.0
Belgian,2,0,0,0,0,0.0,0.0
Indian,2,0,0,0,0,0.0,0.0
Indonesian,1,0,0,0,0,0.0,0.0
New Zealander,1,0,0,0,0,0.0,0.0
Swedish,1,0,0,0,0,0.0,0.0
Monegasque,1,27,1,1,5,27.0,5.0
Venezuelan,1,1,1,1,1,1.0,1.0
Thai,1,2,1,0,0,2.0,0.0
Hungarian,1,0,0,0,0,0.0,0.0
Swiss,1,0,0,0,0,0.0,0.0
Czech,1,0,0,0,0,0.0,0.0
Argentine,1,0,0,0,0,0.0,0.0
Malaysian,1,0,0,0,0,0.0,0.0
Irish,1,0,0,0,0,0.0,0.0
Portuguese,1,1,1,0,0,1.0,0.0
Colombian,1,30,1,1,7,30.0,7.0
Polish,1,12,1,1,1,12.0,1.0
Chinese,1,0,0,0,0,0.0,0.0
