nationality,num_drivers,distinct_podium_drivers,total_podiums,distinct_race_winners,total_race_wins,podiums_per_driver,wins_per_driver
British,15,6,297,4,126,19.8,8.4
Brazilian,14,3,104,2,22,7.428571428571429,1.5714285714285714
German,13,7,303,4,138,23.307692307692307,10.615384615384615
French,10,3,16,2,2,1.6,0.2
Italian,7,2,24,2,4,3.4285714285714284,0.5714285714285714
Dutch,6,1,89,1,45,14.833333333333334,7.5
Spanish,6,3,120,2,33,20.0,5.5
Japanese,6,2,2,0,0,0.3333333333333333,0.0
Finnish,5,4,188,4,38,37.6,7.6
Russian,4,2,4,0,0,1.0,0.0
Canadian,3,2,5,0,0,1.6666666666666667,0.0
Australian,3,2,74,2,17,24.666666666666668,5.666666666666667
Austrian,3,1,2,0,0,0.6666666666666666,0.0
American,3,0,0,0,0,0.0,0.0
Mexican,2,1,33,1,6,16.5,3.0
Danish,2,1,1,0,0,0.5,0.0
Belgian,2,0,0,0,0,0.0,0.0
Indian,2,0,0,0,0,0.0,0.0
Indonesian,1,0,0,0,0,0.0,0.0
New Zealander,1,0,0,0,0,0.0,0.0
Swedish,1,0,0,0,0,0.0,0.0
Monegasque,1,1,27,1,5,27.0,5.0
Venezuelan,1,1,1,1,1,1.0,1.0
Thai,1,1,2,0,0,2.0,0.0
Hungarian,1,0,0,0,0,0.0,0.0
Swiss,1,0,0,0,0,0.0,0.0
Czech,1,0,0,0,0,0.0,0.0
Argentine,1,0,0,0,0,0.0,0.0
Malaysian,1,0,0,0,0,0.0,0.0
Irish,1,0,0,0,0,0.0,0.0
Portuguese,1,1,1,0,0,1.0,0.0
Colombian,1,1,30,1,7,30.0,7.0
Polish,1,1,12,1,1,12.0,1.0
Chinese,1,0,0,0,0,0.0,0.0
